sequence_number,position,residue,bepipred_score,bepipred_residue_relative_rank,bepipred_assignment
1,1,M,0.089,95.79,n
1,2,S,0.109,92.52,n
1,3,T,0.114,91.36,n
1,4,L,0.133,78.04,n
1,5,Q,0.153,51.64,E
1,6,E,0.145,62.85,n
1,7,L,0.13,80.84,n
1,8,Q,0.128,83.64,n
1,9,E,0.134,77.57,n
1,10,N,0.122,88.08,n
1,11,I,0.116,90.65,n
1,12,T,0.132,79.21,n
1,13,A,0.128,83.41,n
1,14,H,0.112,92.06,n
1,15,E,0.12,89.49,n
1,16,Q,0.135,77.1,n
1,17,Q,0.124,87.38,n
1,18,L,0.125,86.21,n
1,19,V,0.137,74.53,n
1,20,T,0.14,71.5,n
1,21,A,0.123,87.62,n
1,22,R,0.127,84.81,n
1,23,Q,0.141,68.22,n
1,24,K,0.126,85.28,n
1,25,L,0.121,89.02,n
1,26,K,0.137,74.77,n
1,27,D,0.13,81.07,n
1,28,A,0.117,90.19,n
1,29,E,0.125,86.68,n
1,30,K,0.14,71.26,n
1,31,A,0.141,68.46,n
1,32,V,0.143,65.19,n
1,33,E,0.159,45.56,E
1,34,V,0.17,28.97,E
1,35,D,0.172,26.64,E
1,36,P,0.178,23.36,E
1,37,D,0.193,7.94,E
1,38,D,0.188,10.75,E
1,39,V,0.187,11.68,E
1,40,N,0.173,25.7,E
1,41,K,0.177,24.3,E
1,42,S,0.178,23.83,E
1,43,T,0.168,32.01,E
1,44,L,0.164,37.15,E
1,45,Q,0.168,32.24,E
1,46,S,0.161,40.42,E
1,47,R,0.146,61.92,n
1,48,R,0.147,60.51,n
1,49,A,0.159,43.93,E
1,50,A,0.142,66.59,n
1,51,V,0.137,74.3,n
1,52,S,0.142,67.76,n
1,53,T,0.141,70.33,n
1,54,L,0.125,85.98,n
1,55,E,0.129,82.71,n
1,56,T,0.147,60.28,n
1,57,K,0.134,77.8,n
1,58,L,0.132,78.74,n
1,59,G,0.15,55.14,n
1,60,E,0.152,53.27,E
1,61,L,0.143,65.42,n
1,62,K,0.142,67.06,n
1,63,R,0.159,44.16,E
1,64,Q,0.149,56.31,n
1,65,L,0.146,61.21,n
1,66,A,0.16,42.29,E
1,67,D,0.161,40.65,E
1,68,L,0.154,51.17,E
1,69,V,0.161,40.89,E
1,70,A,0.171,27.34,E
1,71,A,0.171,28.27,E
1,72,Q,0.169,30.37,E
1,73,K,0.183,15.65,E
1,74,L,0.186,13.55,E
1,75,A,0.188,10.98,E
1,76,T,0.195,7.01,E
1,77,K,0.198,5.14,E
1,78,P,0.199,4.67,E
1,79,V,0.201,4.21,E
1,80,D,0.205,2.8,E
1,81,P,0.213,1.64,E
1,82,T,0.212,1.87,E
1,83,G,0.218,0.23,E
1,84,L,0.22,0.0,E
1,85,E,0.217,0.7,E
1,86,P,0.215,1.17,E
1,87,D,0.214,1.4,E
1,88,D,0.215,0.93,E
1,89,H,0.218,0.47,E
1,90,L,0.208,2.1,E
1,91,K,0.205,2.57,E
1,92,E,0.198,5.37,E
1,93,K,0.201,3.97,E
1,94,S,0.202,3.74,E
1,95,S,0.199,4.44,E
1,96,L,0.195,6.54,E
1,97,R,0.189,10.05,E
1,98,Y,0.182,17.06,E
1,99,G,0.184,14.72,E
1,100,N,0.179,22.66,E
1,101,V,0.181,19.63,E
1,102,L,0.172,25.93,E
1,103,D,0.164,35.98,E
1,104,V,0.168,31.07,E
1,105,N,0.164,36.45,E
1,106,S,0.172,26.87,E
1,107,I,0.178,22.9,E
1,108,D,0.18,20.56,E
1,109,L,0.187,12.62,E
1,110,E,0.184,15.42,E
1,111,E,0.185,14.02,E
1,112,P,0.188,11.21,E
1,113,S,0.18,20.33,E
1,114,G,0.178,23.13,E
1,115,Q,0.165,35.05,E
1,116,T,0.155,50.0,E
1,117,A,0.144,64.95,n
1,118,D,0.129,82.48,n
1,119,W,0.114,91.12,n
1,120,K,0.1,94.16,n
1,121,A,0.09,95.56,n
1,122,I,0.079,96.73,n
1,123,G,0.069,97.2,n
1,124,A,0.065,97.9,n
1,125,Y,0.059,98.83,n
1,126,I,0.053,99.53,n
1,127,L,0.052,99.77,n
1,128,G,0.057,99.07,n
1,129,F,0.059,98.6,n
1,130,A,0.056,99.3,n
1,131,I,0.059,98.36,n
1,132,P,0.066,97.43,n
1,133,I,0.065,97.66,n
1,134,I,0.064,98.13,n
1,135,L,0.073,96.96,n
1,136,K,0.081,96.5,n
1,137,A,0.082,96.26,n
1,138,L,0.087,96.03,n
1,139,Y,0.096,95.09,n
1,140,M,0.108,92.76,n
1,141,L,0.113,91.82,n
1,142,S,0.129,82.01,n
1,143,T,0.141,67.99,n
1,144,R,0.145,62.38,n
1,145,G,0.147,59.58,n
1,146,R,0.162,39.72,E
1,147,Q,0.171,27.57,E
1,148,T,0.181,19.39,E
1,149,V,0.188,11.45,E
1,150,K,0.192,8.88,E
1,151,D,0.186,13.32,E
1,152,N,0.192,8.64,E
1,153,K,0.187,12.15,E
1,154,G,0.195,7.24,E
1,155,T,0.183,16.82,E
1,156,R,0.183,16.36,E
1,157,I,0.182,17.99,E
1,158,R,0.18,21.03,E
1,159,F,0.182,17.29,E
1,160,K,0.183,16.12,E
1,161,D,0.179,21.73,E
1,162,D,0.187,11.92,E
1,163,S,0.192,8.18,E
1,164,S,0.194,7.71,E
1,165,F,0.198,5.61,E
1,166,E,0.194,7.48,E
1,167,E,0.195,6.78,E
1,168,V,0.202,3.5,E
1,169,N,0.206,2.34,E
1,170,G,0.204,3.04,E
1,171,I,0.204,3.27,E
1,172,R,0.196,6.07,E
1,173,K,0.196,6.31,E
1,174,P,0.19,9.35,E
1,175,K,0.184,15.19,E
1,176,H,0.177,24.53,E
1,177,L,0.165,35.28,E
1,178,Y,0.163,37.85,E
1,179,V,0.167,32.94,E
1,180,S,0.164,36.68,E
1,181,M,0.167,32.71,E
1,182,P,0.172,26.4,E
1,183,T,0.171,27.1,E
1,184,A,0.175,25.0,E
1,185,Q,0.182,17.52,E
1,186,S,0.179,22.43,E
1,187,T,0.181,18.69,E
1,188,M,0.181,18.46,E
1,189,K,0.185,14.49,E
1,190,A,0.186,13.79,E
1,191,E,0.189,10.28,E
1,192,E,0.192,8.41,E
1,193,I,0.199,4.91,E
1,194,T,0.186,12.85,E
1,195,P,0.197,5.84,E
1,196,G,0.191,9.11,E
1,197,R,0.181,19.16,E
1,198,F,0.17,28.5,E
1,199,R,0.16,42.06,E
1,200,T,0.157,47.43,E
1,201,I,0.148,57.24,n
1,202,A,0.145,62.62,n
1,203,C,0.155,50.47,E
1,204,G,0.147,59.81,n
1,205,L,0.146,61.45,n
1,206,F,0.148,58.64,n
1,207,P,0.159,44.39,E
1,208,A,0.154,50.93,E
1,209,Q,0.156,48.6,E
1,210,V,0.16,43.22,E
1,211,K,0.153,51.87,E
1,212,A,0.14,71.03,n
1,213,R,0.138,73.13,n
1,214,N,0.133,78.5,n
1,215,I,0.127,84.11,n
1,216,I,0.116,90.42,n
1,217,S,0.118,89.72,n
1,218,P,0.105,93.22,n
1,219,V,0.098,94.39,n
1,220,M,0.097,94.63,n
1,221,G,0.101,93.69,n
1,222,V,0.097,94.86,n
1,223,I,0.1,93.93,n
1,224,G,0.104,93.46,n
1,225,F,0.107,92.99,n
1,226,G,0.112,92.29,n
1,227,F,0.122,87.85,n
1,228,F,0.125,85.75,n
1,229,V,0.129,82.94,n
1,230,K,0.137,73.83,n
1,231,D,0.145,63.32,n
1,232,W,0.141,70.56,n
1,233,M,0.15,55.37,n
1,234,D,0.16,42.99,E
1,235,R,0.158,46.26,E
1,236,I,0.152,53.5,E
1,237,E,0.155,50.23,E
1,238,E,0.158,46.5,E
1,239,F,0.158,46.03,E
1,240,L,0.153,52.57,E
1,241,A,0.163,38.79,E
1,242,A,0.16,42.52,E
1,243,E,0.151,54.44,n
1,244,C,0.155,50.7,E
1,245,P,0.164,35.75,E
1,246,F,0.164,37.38,E
1,247,L,0.169,29.21,E
1,248,P,0.166,34.58,E
1,249,K,0.168,31.54,E
1,250,P,0.165,34.81,E
1,251,K,0.169,29.91,E
1,252,V,0.17,28.74,E
1,253,A,0.168,32.48,E
1,254,S,0.162,39.49,E
1,255,E,0.167,33.64,E
1,256,A,0.163,38.08,E
1,257,F,0.163,38.32,E
1,258,M,0.169,29.44,E
1,259,S,0.168,31.31,E
1,260,T,0.167,33.18,E
1,261,N,0.171,27.8,E
1,262,K,0.173,25.47,E
1,263,M,0.178,24.07,E
1,264,Y,0.183,15.89,E
1,265,F,0.181,19.86,E
1,266,L,0.189,10.51,E
1,267,N,0.189,9.58,E
1,268,R,0.187,12.38,E
1,269,Q,0.181,18.93,E
1,270,R,0.184,14.95,E
1,271,Q,0.185,14.25,E
1,272,V,0.179,21.5,E
1,273,N,0.163,38.55,E
1,274,E,0.166,34.35,E
1,275,S,0.157,47.2,E
1,276,K,0.142,66.12,n
1,277,V,0.141,70.09,n
1,278,Q,0.146,62.15,n
1,279,D,0.136,75.23,n
1,280,I,0.125,86.45,n
1,281,I,0.13,81.31,n
1,282,D,0.139,72.66,n
1,283,L,0.126,85.05,n
1,284,I,0.127,83.88,n
1,285,D,0.139,72.43,n
1,286,H,0.146,61.68,n
1,287,A,0.136,75.7,n
1,288,E,0.141,69.86,n
1,289,T,0.152,53.04,E
1,290,E,0.144,64.02,n
1,291,S,0.14,71.96,n
1,292,A,0.151,54.67,n
1,293,T,0.154,51.4,E
1,294,L,0.148,57.71,n
1,295,F,0.143,65.89,n
1,296,T,0.151,54.21,n
1,297,E,0.156,49.53,E
1,298,I,0.157,46.73,E
1,299,A,0.159,44.63,E
1,300,T,0.157,46.96,E
1,301,P,0.156,49.07,E
1,302,H,0.147,58.88,n
1,303,S,0.149,56.78,n
1,304,V,0.147,59.11,n
1,305,W,0.141,70.79,n
1,306,V,0.136,75.93,n
1,307,F,0.135,76.87,n
1,308,A,0.144,64.25,n
1,309,C,0.159,45.09,E
1,310,A,0.156,49.3,E
1,311,P,0.16,41.59,E
1,312,D,0.163,37.62,E
1,313,R,0.169,30.14,E
1,314,C,0.169,29.67,E
1,315,P,0.168,31.78,E
1,316,P,0.168,30.61,E
1,317,T,0.159,45.33,E
1,318,A,0.147,60.05,n
1,319,L,0.148,57.01,n
1,320,Y,0.146,60.75,n
1,321,V,0.148,57.94,n
1,322,A,0.148,58.41,n
1,323,G,0.145,63.55,n
1,324,V,0.147,59.35,n
1,325,P,0.141,68.93,n
1,326,E,0.137,74.07,n
1,327,L,0.138,73.36,n
1,328,G,0.142,67.52,n
1,329,A,0.141,69.63,n
1,330,F,0.129,82.24,n
1,331,F,0.131,79.44,n
1,332,S,0.14,71.73,n
1,333,I,0.133,78.27,n
1,334,L,0.137,75.0,n
1,335,Q,0.15,54.91,n
1,336,D,0.15,55.84,n
1,337,M,0.138,73.6,n
1,338,R,0.139,72.2,n
1,339,N,0.149,56.54,n
1,340,T,0.144,63.79,n
1,341,I,0.148,57.48,n
1,342,M,0.159,45.79,E
1,343,A,0.163,39.25,E
1,344,S,0.16,42.76,E
1,345,K,0.166,34.11,E
1,346,S,0.175,25.23,E
1,347,V,0.179,21.96,E
1,348,G,0.181,18.22,E
1,349,T,0.182,17.76,E
1,350,A,0.172,26.17,E
1,351,E,0.171,28.04,E
1,352,E,0.164,36.92,E
1,353,K,0.153,52.1,E
1,354,L,0.145,63.08,n
1,355,K,0.144,64.72,n
1,356,K,0.135,76.64,n
1,357,K,0.129,83.18,n
1,358,S,0.132,78.97,n
1,359,A,0.134,77.34,n
1,360,F,0.127,84.35,n
1,361,Y,0.124,87.15,n
1,362,Q,0.141,69.16,n
1,363,S,0.15,55.61,n
1,364,Y,0.143,65.65,n
1,365,L,0.153,52.34,E
1,366,R,0.16,43.46,E
1,367,R,0.157,48.13,E
1,368,T,0.156,48.36,E
1,369,Q,0.16,41.82,E
1,370,S,0.168,30.84,E
1,371,M,0.155,49.77,E
1,372,G,0.15,56.07,n
1,373,I,0.159,44.86,E
1,374,Q,0.152,53.74,E
1,375,L,0.144,64.49,n
1,376,D,0.141,69.39,n
1,377,Q,0.136,76.17,n
1,378,K,0.131,79.91,n
1,379,I,0.127,84.58,n
1,380,I,0.125,86.92,n
1,381,I,0.12,89.25,n
1,382,L,0.117,89.95,n
1,383,Y,0.122,88.55,n
1,384,M,0.122,88.32,n
1,385,L,0.131,79.67,n
1,386,S,0.141,68.69,n
1,387,W,0.142,66.82,n
1,388,G,0.138,72.9,n
1,389,K,0.148,58.18,n
1,390,E,0.156,48.83,E
1,391,A,0.157,47.66,E
1,392,V,0.161,41.36,E
1,393,N,0.165,35.51,E
1,394,H,0.159,43.69,E
1,395,F,0.164,36.21,E
1,396,H,0.176,24.77,E
1,397,L,0.18,20.09,E
1,398,G,0.178,23.6,E
1,399,D,0.179,22.2,E
1,400,D,0.189,9.81,E
1,401,M,0.179,21.26,E
1,402,D,0.183,16.59,E
1,403,P,0.186,13.08,E
1,404,E,0.18,20.79,E
1,405,L,0.161,39.95,E
1,406,R,0.161,40.19,E
1,407,Q,0.157,47.9,E
1,408,L,0.146,60.98,n
1,409,A,0.13,80.61,n
1,410,Q,0.136,75.47,n
1,411,S,0.13,81.54,n
1,412,L,0.121,88.79,n
1,413,I,0.114,91.59,n
1,414,D,0.129,81.78,n
1,415,T,0.13,80.37,n
1,416,K,0.126,85.51,n
1,417,V,0.131,80.14,n
1,418,K,0.142,66.36,n
1,419,E,0.142,67.29,n
1,420,I,0.152,52.8,E
1,421,S,0.161,41.12,E
1,422,N,0.167,33.41,E
1,423,Q,0.167,33.88,E
1,424,E,0.163,39.02,E
1,425,P,0.151,53.97,n
1,426,L,0.136,76.4,n
1,427,K,0.115,90.89,n
1,428,L,0.096,95.33,n
