structure_chain,res_num,residue,discotope.score,discotope.calibrated_score,assignment,rsa,discotope.plddts
A,1,M,0.11458,0.44111,n,1.1051,100.0
A,2,D,0.1396,0.74664,n,0.6763,100.0
A,3,A,0.06819,-0.12537,n,0.84275,100.0
A,4,M,0.09088,0.1517,n,0.8857,100.0
A,5,K,0.08193,0.04241,n,0.69092,100.0
A,6,R,0.08094,0.03032,n,0.73559,100.0
A,7,G,0.0737,-0.05809,n,0.45201,100.0
A,8,L,0.09047,0.14669,n,0.74861,100.0
A,9,L,0.08761,0.11177,n,0.74277,100.0
A,10,L,0.08271,0.05193,n,0.72167,100.0
A,11,L,0.0956,0.20934,n,0.73766,100.0
A,12,V,0.07407,-0.05357,n,0.61239,100.0
A,13,L,0.09112,0.15463,n,0.74451,100.0
A,14,L,0.12226,0.53489,n,0.87099,100.0
A,15,V,0.07055,-0.09655,n,0.62025,100.0
A,16,W,0.15991,0.99465,E,0.52584,100.0
A,17,S,0.02698,-0.6286,n,0.19035,100.0
A,18,S,0.10904,0.37346,n,0.41814,100.0
A,19,L,0.01201,-0.8114,n,0.01566,100.0
A,20,R,0.08572,0.08869,n,0.61157,100.0
A,21,F,0.01085,-0.82557,n,0.01375,100.0
A,22,A,0.0283,-0.61248,n,0.28489,100.0
A,23,Q,0.00824,-0.85744,n,0.01641,100.0
A,24,P,0.01711,-0.74913,n,0.04769,100.0
A,25,H,0.0576,-0.25469,n,0.08891,100.0
A,26,T,0.10269,0.29592,n,0.28456,100.0
A,27,V,0.15893,0.98268,E,0.25267,100.0
A,28,G,0.20984,1.60436,E,0.73008,100.0
A,29,L,0.23286,1.88546,E,0.97236,100.0
A,30,G,0.10263,0.29518,n,0.06076,100.0
A,31,Q,0.24083,1.98278,E,0.5184,100.0
A,32,G,0.09218,0.16758,n,0.16803,100.0
A,33,Y,0.05856,-0.24297,n,0.07095,100.0
A,34,I,0.00236,-0.92924,n,0.0016,100.0
A,35,I,0.02272,-0.68062,n,0.08542,100.0
A,36,G,0.02964,-0.59612,n,0.14807,100.0
A,37,S,0.0487,-0.36337,n,0.47118,100.0
A,38,T,0.05968,-0.22929,n,0.12658,100.0
A,39,E,0.06003,-0.22502,n,0.49237,100.0
A,40,L,0.02234,-0.68526,n,0.03721,100.0
A,41,G,0.04959,-0.3525,n,0.49328,100.0
A,42,L,0.08207,0.04412,n,0.52447,100.0
A,43,I,0.05731,-0.25823,n,0.11679,100.0
A,44,S,0.15725,0.96216,E,0.38799,100.0
A,45,I,0.05759,-0.25481,n,0.10096,100.0
A,46,E,0.12337,0.54845,n,0.74919,100.0
A,47,A,0.07227,-0.07555,n,0.1434,100.0
A,48,A,0.00971,-0.83949,n,0.00954,100.0
A,49,S,0.09589,0.21288,n,0.36801,100.0
A,50,D,0.12197,0.53135,n,0.53523,100.0
A,51,I,0.01925,-0.72299,n,0.01106,100.0
A,52,K,0.10195,0.28688,n,0.60746,100.0
A,53,L,0.03519,-0.52835,n,0.09917,100.0
A,54,E,0.11189,0.40826,n,0.55798,100.0
A,55,S,0.04606,-0.39561,n,0.24644,100.0
A,56,S,0.20539,1.55002,E,0.67108,100.0
A,57,C,0.02346,-0.67158,n,0.09351,100.0
A,58,N,0.20198,1.50838,E,0.8585,100.0
A,59,F,0.09391,0.1887,n,0.1298,100.0
A,60,D,0.10359,0.30691,n,0.51275,100.0
A,61,L,0.03435,-0.5386,n,0.33094,100.0
A,62,H,0.05866,-0.24175,n,0.10967,100.0
A,63,T,0.15147,0.89158,n,0.61372,100.0
A,64,T,0.02117,-0.69955,n,0.02837,100.0
A,65,S,0.02222,-0.68673,n,0.02641,100.0
A,66,M,0.14324,0.79108,n,0.65436,100.0
A,67,A,0.0808,0.02861,n,0.3219,100.0
A,68,Q,0.13579,0.70011,n,0.53596,100.0
A,69,K,0.05809,-0.24871,n,0.37329,100.0
A,70,S,0.09002,0.1412,n,0.4969,100.0
A,71,F,0.01013,-0.83436,n,0.0091,100.0
A,72,T,0.02344,-0.67183,n,0.06826,100.0
A,73,Q,0.01268,-0.80322,n,0.02346,100.0
A,74,V,0.0058,-0.88724,n,0.00381,100.0
A,75,E,0.03994,-0.47034,n,0.21891,100.0
A,76,W,0.06223,-0.19815,n,0.1082,100.0
A,77,R,0.19675,1.44451,E,0.45442,100.0
A,78,K,0.17808,1.21653,E,0.48908,100.0
A,79,K,0.22119,1.74295,E,0.32061,100.0
A,80,S,0.23806,1.94896,E,0.87442,100.0
A,81,D,0.29012,2.58468,E,0.76891,100.0
A,82,T,0.142,0.77594,n,0.12454,100.0
A,83,T,0.31291,2.86297,E,0.56561,100.0
A,84,D,0.35266,3.34837,E,0.85619,100.0
A,85,T,0.20681,1.56736,E,0.91661,100.0
A,86,T,0.23564,1.91941,E,0.44393,100.0
A,87,N,0.36735,3.52776,E,0.83123,100.0
A,88,A,0.27799,2.43656,E,0.94326,100.0
A,89,A,0.14674,0.83382,n,0.48037,100.0
A,90,S,0.22521,1.79204,E,0.66882,100.0
A,91,T,0.19163,1.38199,E,0.66685,100.0
A,92,T,0.13288,0.66458,n,0.11544,100.0
A,93,F,0.10112,0.27674,n,0.07187,100.0
A,94,E,0.22556,1.79632,E,0.28902,100.0
A,95,A,0.05612,-0.27276,n,0.30784,100.0
A,96,Q,0.13063,0.6371,n,0.3615,100.0
A,97,T,0.13354,0.67263,n,0.30383,100.0
A,98,K,0.13515,0.69229,n,0.49108,100.0
A,99,T,0.08127,0.03435,n,0.61876,100.0
A,100,V,0.04911,-0.35836,n,0.15614,100.0
A,101,N,0.12733,0.5968,n,0.42793,100.0
A,102,L,0.00277,-0.92424,n,0.00082,100.0
A,103,R,0.06329,-0.18521,n,0.40243,100.0
A,104,G,0.00158,-0.93877,n,0.00161,100.0
A,105,T,0.0075,-0.86648,n,0.02369,100.0
A,106,C,0.00106,-0.94512,n,0.002,100.0
A,107,I,0.03073,-0.58281,n,0.06407,100.0
A,108,L,0.00397,-0.90958,n,0.00618,100.0
A,109,A,0.09607,0.21508,n,0.28214,100.0
A,110,P,0.11523,0.44905,n,0.28442,100.0
A,111,E,0.20418,1.53524,E,0.43089,100.0
A,112,L,0.04135,-0.45312,n,0.01814,100.0
A,113,Y,0.07132,-0.08715,n,0.07475,100.0
A,114,D,0.23088,1.86128,E,0.19243,100.0
A,115,T,0.21213,1.63232,E,0.84319,100.0
A,116,L,0.25015,2.09659,E,0.98382,100.0
A,117,K,0.21954,1.72281,E,0.53767,100.0
A,118,K,0.23169,1.87117,E,0.81594,100.0
A,119,V,0.11549,0.45222,n,0.30548,100.0
A,120,K,0.16853,1.09991,E,0.46622,100.0
A,121,K,0.12457,0.5631,n,0.31208,100.0
A,122,T,0.01205,-0.81091,n,0.01032,100.0
A,123,V,0.00206,-0.93291,n,0.0,100.0
A,124,L,0.01141,-0.81873,n,0.01319,100.0
A,125,C,0.00166,-0.93779,n,0.0,100.0
A,126,Y,0.00557,-0.89004,n,0.0,100.0
A,127,D,0.0073,-0.86892,n,0.04819,100.0
A,128,L,0.00157,-0.93889,n,0.0,100.0
A,129,T,0.02556,-0.64594,n,0.11516,100.0
A,130,C,0.00384,-0.91117,n,0.00666,100.0
A,131,N,0.02817,-0.61407,n,0.17064,100.0
A,132,Q,0.09173,0.16208,n,0.33697,100.0
A,133,T,0.10644,0.34171,n,0.55517,100.0
A,134,H,0.09744,0.23181,n,0.42915,100.0
A,135,C,0.00203,-0.93327,n,0.0,100.0
A,136,Q,0.02877,-0.60674,n,0.03155,100.0
A,137,P,0.00998,-0.83619,n,0.01988,100.0
A,138,T,0.03018,-0.58952,n,0.14626,100.0
A,139,V,0.00247,-0.9279,n,0.0019,100.0
A,140,Y,0.00707,-0.87173,n,0.05936,100.0
A,141,L,0.00365,-0.91349,n,0.00659,100.0
A,142,I,0.00117,-0.94377,n,0.0,100.0
A,143,A,0.00211,-0.93229,n,0.0,100.0
A,144,P,0.02643,-0.63532,n,0.05269,100.0
A,145,V,0.02965,-0.596,n,0.03237,100.0
A,146,L,0.16824,1.09637,E,0.46838,100.0
A,147,T,0.03984,-0.47156,n,0.11234,100.0
A,148,C,0.03793,-0.49489,n,0.05897,100.0
A,149,M,0.1563,0.95056,E,0.71214,100.0
A,150,S,0.13997,0.75115,n,0.65953,100.0
A,151,I,0.04552,-0.4022,n,0.06268,100.0
A,152,R,0.19172,1.38309,E,0.82235,100.0
A,153,S,0.12626,0.58374,n,0.47692,100.0
A,154,C,0.03751,-0.50002,n,0.13552,100.0
A,155,M,0.08767,0.1125,n,0.30304,100.0
A,156,A,0.00718,-0.87038,n,0.02296,100.0
A,157,S,0.0684,-0.12281,n,0.23312,100.0
A,158,V,0.00749,-0.8666,n,0.01205,100.0
A,159,F,0.09306,0.17832,n,0.44591,100.0
A,160,T,0.13109,0.64272,n,0.73384,100.0
A,161,S,0.03289,-0.55643,n,0.14152,100.0
A,162,R,0.13142,0.64675,n,0.54672,100.0
A,163,I,0.00798,-0.86061,n,0.0032,100.0
A,164,Q,0.08173,0.03997,n,0.30609,100.0
A,165,V,0.00656,-0.87795,n,0.00762,100.0
A,166,I,0.07861,0.00187,n,0.23999,100.0
A,167,Y,0.02525,-0.64973,n,0.05357,100.0
A,168,E,0.09976,0.26014,n,0.3692,100.0
A,169,K,0.1073,0.35221,n,0.31674,100.0
A,170,T,0.04782,-0.37412,n,0.07739,100.0
A,171,H,0.06131,-0.20939,n,0.08048,100.0
A,172,C,0.0064,-0.87991,n,0.0,100.0
A,173,V,0.09353,0.18406,n,0.10854,100.0
A,174,T,0.23367,1.89535,E,0.42517,100.0
A,175,G,0.02285,-0.67903,n,0.0191,100.0
A,176,Q,0.01677,-0.75328,n,0.02415,100.0
A,177,L,0.06231,-0.19718,n,0.42473,100.0
A,178,I,0.08514,0.08161,n,0.21484,100.0
A,179,E,0.30749,2.79679,E,0.91847,100.0
A,180,G,0.13493,0.68961,n,0.60208,100.0
A,181,Q,0.15116,0.8878,n,0.5321,100.0
A,182,C,0.05347,-0.30512,n,0.01994,100.0
A,183,F,0.0109,-0.82496,n,0.0,100.0
A,184,N,0.14196,0.77545,n,0.25231,100.0
A,185,P,0.04194,-0.44592,n,0.36693,100.0
A,186,A,0.23551,1.91782,E,0.27549,100.0
A,187,H,0.09968,0.25916,n,0.30323,100.0
A,188,T,0.31561,2.89594,E,0.5462,100.0
A,189,L,0.21346,1.64856,E,0.11871,100.0
A,190,T,0.18808,1.33864,E,0.48662,100.0
A,191,L,0.21797,1.70363,E,0.81208,100.0
A,192,S,0.29905,2.69373,E,0.64872,100.0
A,193,Q,0.35522,3.37963,E,0.36649,100.0
A,194,P,0.19604,1.43584,E,0.58254,100.0
A,195,A,0.20359,1.52804,E,0.7284,100.0
A,196,H,0.46266,4.69161,E,0.86244,100.0
A,197,T,0.25949,2.21065,E,0.47846,100.0
A,198,Y,0.181,1.25218,E,0.15578,100.0
A,199,D,0.16027,0.99904,E,0.37988,100.0
A,200,T,0.13289,0.6647,n,0.61372,100.0
A,201,V,0.06011,-0.22404,n,0.15804,100.0
A,202,T,0.15069,0.88206,n,0.54959,100.0
A,203,L,0.01355,-0.7926,n,0.01896,100.0
A,204,P,0.07661,-0.02255,n,0.5375,100.0
A,205,I,0.00976,-0.83888,n,0.01518,100.0
A,206,S,0.01899,-0.72617,n,0.16601,100.0
A,207,C,0.0023,-0.92997,n,0.00296,100.0
A,208,F,0.00223,-0.93083,n,0.00382,100.0
A,209,L,0.00537,-0.89249,n,0.01319,100.0
A,210,T,0.00505,-0.89639,n,0.00286,100.0
A,211,P,0.03223,-0.56449,n,0.19182,100.0
A,212,K,0.11428,0.43745,n,0.36463,100.0
A,213,K,0.20638,1.56211,E,0.70625,100.0
A,214,S,0.18494,1.3003,E,0.27855,100.0
A,215,E,0.30899,2.81511,E,0.62301,100.0
A,216,Q,0.25798,2.19221,E,0.86353,100.0
A,217,L,0.13457,0.68521,n,0.26379,100.0
A,218,K,0.07782,-0.00778,n,0.14263,100.0
A,219,V,0.01493,-0.77575,n,0.02095,100.0
A,220,I,0.00816,-0.85842,n,0.0032,100.0
A,221,K,0.15747,0.96485,E,0.58547,100.0
A,222,T,0.1392,0.74175,n,0.31216,100.0
A,223,F,0.01403,-0.78674,n,0.0121,100.0
A,224,E,0.05781,-0.25213,n,0.07849,100.0
A,225,G,0.22597,1.80132,E,0.57046,100.0
A,226,I,0.2031,1.52205,E,0.55638,100.0
A,227,L,0.16281,1.03006,E,0.39957,100.0
A,228,T,0.20846,1.5875,E,0.80988,100.0
A,229,K,0.21471,1.66383,E,0.38855,100.0
A,230,T,0.22414,1.77898,E,0.83333,100.0
A,231,G,0.27047,2.34473,E,1.00035,100.0
A,232,C,0.08382,0.06549,n,0.2227,100.0
A,233,T,0.08425,0.07074,n,0.66221,100.0
A,234,E,0.1326,0.66116,n,0.44224,100.0
A,235,N,0.03257,-0.56034,n,0.01323,100.0
A,236,A,0.09158,0.16025,n,0.19259,100.0
A,237,L,0.01572,-0.7661,n,0.01319,100.0
A,238,Q,0.10373,0.30862,n,0.07404,100.0
A,239,G,0.0112,-0.82129,n,0.01001,100.0
A,240,Y,0.06123,-0.21036,n,0.06357,100.0
A,241,Y,0.01146,-0.81812,n,0.01691,100.0
A,242,V,0.00674,-0.87576,n,0.0019,100.0
A,243,C,0.00172,-0.93706,n,0.0,100.0
A,244,F,0.00345,-0.91593,n,0.00457,100.0
A,245,L,0.02572,-0.64399,n,0.05582,100.0
A,246,G,0.028,-0.61614,n,0.15614,100.0
A,247,S,0.04182,-0.44738,n,0.22618,100.0
A,248,H,0.05533,-0.28241,n,0.13663,100.0
A,249,S,0.03444,-0.5375,n,0.14638,100.0
A,250,E,0.19626,1.43853,E,0.48782,100.0
A,251,P,0.05815,-0.24797,n,0.27119,100.0
A,252,L,0.03278,-0.55777,n,0.06595,100.0
A,253,I,0.07692,-0.01877,n,0.35869,100.0
A,254,V,0.00184,-0.93559,n,0.0,100.0
A,255,P,0.16561,1.06425,E,0.22818,100.0
A,256,S,0.08909,0.12984,n,0.28563,100.0
A,257,L,0.27411,2.38918,E,1.00999,100.0
A,258,E,0.34137,3.21051,E,0.89455,100.0
A,259,D,0.09696,0.22595,n,0.1485,100.0
A,260,I,0.10589,0.33499,n,0.48609,100.0
A,261,R,0.14153,0.7702,n,0.23345,100.0
A,262,S,0.00459,-0.90201,n,0.00237,100.0
A,263,A,0.17327,1.15779,E,0.52007,100.0
A,264,E,0.12218,0.53391,n,0.29214,100.0
A,265,V,0.01189,-0.81287,n,0.00762,100.0
A,266,V,0.0259,-0.64179,n,0.03618,100.0
A,267,S,0.1947,1.41948,E,0.40672,100.0
A,268,R,0.1466,0.83211,n,0.31211,100.0
A,269,M,0.01758,-0.74339,n,0.0293,100.0
A,270,L,0.11066,0.39324,n,0.15197,100.0
A,271,V,0.21836,1.7084,E,0.7252,100.0
A,272,H,0.12881,0.61488,n,0.32038,100.0
A,273,P,0.05399,-0.29877,n,0.20491,100.0
A,274,R,0.12636,0.58496,n,0.34188,100.0
A,275,G,0.03137,-0.57499,n,0.01078,100.0
A,276,E,0.08898,0.1285,n,0.1527,100.0
A,277,D,0.12235,0.53599,n,0.42156,100.0
A,278,H,0.19945,1.47748,E,0.49815,100.0
A,279,D,0.20696,1.56919,E,0.64453,100.0
A,280,A,0.07676,-0.02072,n,0.0619,100.0
A,281,I,0.09351,0.18382,n,0.09069,100.0
A,282,Q,0.22035,1.7327,E,0.59444,100.0
A,283,N,0.1589,0.98231,E,0.92345,100.0
A,284,S,0.07487,-0.0438,n,0.32923,100.0
A,285,Q,0.19854,1.46637,E,0.66585,100.0
A,286,S,0.10363,0.3074,n,0.41216,100.0
A,287,Y,0.25255,2.1259,E,0.70956,100.0
A,288,L,0.11996,0.50681,n,0.35555,100.0
A,289,R,0.37601,3.63351,E,0.78128,100.0
A,290,I,0.27802,2.43692,E,0.74443,100.0
A,291,V,0.18921,1.35244,E,0.33319,100.0
A,292,G,0.03416,-0.54092,n,0.11105,100.0
A,293,P,0.16258,1.02725,E,0.67605,100.0
A,294,I,0.07442,-0.0493,n,0.07055,100.0
A,295,T,0.09645,0.21972,n,0.41008,100.0
A,296,A,0.01081,-0.82606,n,0.03954,100.0
A,297,K,0.19128,1.37771,E,0.39266,100.0
A,298,V,0.0049,-0.89823,n,0.00662,100.0
A,299,P,0.13908,0.74029,n,0.40856,100.0
A,300,S,0.14118,0.76593,n,0.29511,100.0
A,301,T,0.20842,1.58702,E,0.87293,100.0
A,302,S,0.09659,0.22143,n,0.18891,100.0
A,303,S,0.24556,2.04054,E,0.77411,100.0
A,304,T,0.27896,2.4484,E,0.62351,100.0
A,305,D,0.18862,1.34523,E,0.30611,100.0
A,306,T,0.05189,-0.32442,n,0.27598,100.0
A,307,L,0.01053,-0.82948,n,0.01401,100.0
A,308,K,0.08901,0.12887,n,0.37307,100.0
A,309,G,0.01407,-0.78625,n,0.05194,100.0
A,310,T,0.11356,0.42865,n,0.34656,100.0
A,311,A,0.00286,-0.92314,n,0.0,100.0
A,312,F,0.08286,0.05377,n,0.05757,100.0
A,313,A,0.14909,0.86252,n,0.30326,100.0
A,314,G,0.05859,-0.2426,n,0.37364,100.0
A,315,V,0.08662,0.09968,n,0.33521,100.0
A,316,P,0.01502,-0.77465,n,0.03579,100.0
A,317,M,0.15701,0.95923,E,0.19904,100.0
A,318,Y,0.06072,-0.21659,n,0.20663,100.0
A,319,S,0.03803,-0.49367,n,0.21876,100.0
A,320,S,0.00361,-0.91398,n,0.02218,100.0
A,321,L,0.00252,-0.92729,n,0.00684,100.0
A,322,S,0.0029,-0.92265,n,0.02288,100.0
A,323,T,0.00241,-0.92863,n,0.0,100.0
A,324,L,0.01102,-0.82349,n,0.03581,100.0
A,325,V,0.00806,-0.85964,n,0.02163,100.0
A,326,R,0.08895,0.12813,n,0.29734,100.0
A,327,N,0.07423,-0.05162,n,0.42829,100.0
A,328,A,0.11945,0.50058,n,0.3438,100.0
A,329,D,0.06759,-0.1327,n,0.41367,100.0
A,330,P,0.05911,-0.23625,n,0.24096,100.0
A,331,E,0.03121,-0.57695,n,0.21954,100.0
A,332,F,0.02114,-0.69991,n,0.10152,100.0
A,333,V,0.00189,-0.93498,n,0.0,100.0
A,334,F,0.00397,-0.90958,n,0.00318,100.0
A,335,S,0.00194,-0.93437,n,0.0,100.0
A,336,P,0.00541,-0.892,n,0.0032,100.0
A,337,G,0.00099,-0.94597,n,0.0,100.0
A,338,I,0.00987,-0.83754,n,0.02369,100.0
A,339,I,0.02154,-0.69503,n,0.14855,100.0
A,340,P,0.02474,-0.65595,n,0.07058,100.0
A,341,E,0.05293,-0.31172,n,0.14214,100.0
A,342,S,0.0189,-0.72727,n,0.0292,100.0
A,343,N,0.11091,0.39629,n,0.42734,100.0
A,344,H,0.02738,-0.62372,n,0.03681,100.0
A,345,S,0.16484,1.05485,E,0.40801,100.0
A,346,I,0.09971,0.25953,n,0.33119,100.0
A,347,C,0.09203,0.16574,n,0.19203,100.0
A,348,D,0.13358,0.67312,n,0.43906,100.0
A,349,K,0.11832,0.48678,n,0.36518,100.0
A,350,K,0.01964,-0.71823,n,0.00683,100.0
A,351,T,0.00828,-0.85695,n,0.00792,100.0
A,352,V,0.01981,-0.71616,n,0.01619,100.0
A,353,P,0.02394,-0.66572,n,0.14656,100.0
A,354,I,0.00225,-0.93059,n,0.0008,100.0
A,355,T,0.01979,-0.7164,n,0.06882,100.0
A,356,W,0.02799,-0.61627,n,0.01921,100.0
A,357,T,0.03354,-0.54849,n,0.3405,100.0
A,358,G,0.01552,-0.76854,n,0.05091,100.0
A,359,Y,0.11359,0.42902,n,0.44309,100.0
A,360,L,0.01717,-0.74839,n,0.00824,100.0
A,361,P,0.18763,1.33314,E,0.36453,100.0
A,362,I,0.0523,-0.31941,n,0.0368,100.0
A,363,S,0.06002,-0.22514,n,0.05425,100.0
A,364,G,0.00597,-0.88516,n,0.0,100.0
A,365,E,0.47057,4.78821,E,0.46225,100.0
A,366,M,0.19616,1.43731,E,0.33601,100.0
A,367,E,0.11406,0.43476,n,0.13947,100.0
A,368,K,0.2105,1.61242,E,0.85864,100.0
A,369,V,0.08057,0.0258,n,0.25054,100.0
A,370,T,0.12984,0.62745,n,0.28703,100.0
A,371,G,0.08165,0.03899,n,0.35001,100.0
A,372,C,0.01468,-0.7788,n,0.01585,100.0
A,373,T,0.05964,-0.22978,n,0.47814,100.0
A,374,V,0.01489,-0.77623,n,0.15658,100.0
A,375,F,0.06664,-0.1443,n,0.69486,100.0
A,376,C,0.02823,-0.61334,n,0.13192,100.0
A,377,T,0.04158,-0.45032,n,0.60372,100.0
A,378,L,0.08231,0.04705,n,0.26477,100.0
A,379,A,0.08851,0.12276,n,0.47798,100.0
A,380,G,0.12739,0.59754,n,0.86398,100.0
A,381,P,0.13203,0.6542,n,0.83219,100.0
A,382,G,0.03435,-0.5386,n,0.02391,100.0
A,383,A,0.00177,-0.93645,n,0.0011,100.0
A,384,S,0.02613,-0.63898,n,0.37676,100.0
A,385,C,0.006,-0.88479,n,0.01578,100.0
A,386,E,0.04474,-0.41173,n,0.27692,100.0
A,387,A,0.0021,-0.93242,n,0.0,100.0
A,388,Y,0.13668,0.71098,n,0.41815,100.0
A,389,S,0.01224,-0.80859,n,0.00936,100.0
A,390,E,0.20035,1.48847,E,0.58781,100.0
A,391,N,0.0874,0.10921,n,0.27375,100.0
A,392,G,0.00852,-0.85402,n,0.00924,100.0
A,393,I,0.01392,-0.78808,n,0.01381,100.0
A,394,F,0.02227,-0.68612,n,0.01459,100.0
A,395,N,0.02792,-0.61712,n,0.2433,100.0
A,396,I,0.00445,-0.90372,n,0.0,100.0
A,397,S,0.04069,-0.46118,n,0.28113,100.0
A,398,S,0.06318,-0.18655,n,0.12543,100.0
A,399,P,0.16533,1.06083,E,0.75329,100.0
A,400,T,0.09828,0.24206,n,0.3105,100.0
A,401,C,0.04039,-0.46485,n,0.08914,100.0
A,402,L,0.11589,0.45711,n,0.73246,100.0
A,403,V,0.06929,-0.11194,n,0.09622,100.0
A,404,N,0.09715,0.22827,n,0.84083,100.0
A,405,K,0.16482,1.0546,E,0.39597,100.0
A,406,V,0.06336,-0.18435,n,0.41619,100.0
A,407,Q,0.05229,-0.31953,n,0.09046,100.0
A,408,R,0.19922,1.47467,E,0.62962,100.0
A,409,F,0.32551,3.01684,E,0.71827,100.0
A,410,R,0.33277,3.10549,E,0.51051,100.0
A,411,G,0.17124,1.133,E,0.50199,100.0
A,412,S,0.31088,2.83818,E,0.46606,100.0
A,413,E,0.15539,0.93945,E,0.30541,100.0
A,414,Q,0.1731,1.15571,E,0.43627,100.0
A,415,K,0.15992,0.99477,E,0.50695,100.0
A,416,I,0.10154,0.28187,n,0.0672,100.0
A,417,N,0.15199,0.89793,n,0.6588,100.0
A,418,F,0.07527,-0.03892,n,0.05045,100.0
A,419,I,0.06645,-0.14662,n,0.62559,100.0
A,420,C,0.00471,-0.90055,n,0.00074,100.0
A,421,Q,0.14248,0.7818,n,0.56188,100.0
A,422,R,0.16194,1.01944,E,0.65959,100.0
A,423,V,0.11768,0.47896,n,0.13047,100.0
A,424,D,0.16344,1.03775,E,0.67689,100.0
A,425,Q,0.1776,1.21066,E,0.69302,100.0
A,426,D,0.08923,0.13155,n,0.33766,100.0
A,427,V,0.0036,-0.9141,n,0.0019,100.0
A,428,V,0.05359,-0.30366,n,0.17994,100.0
A,429,V,0.00254,-0.92704,n,0.0,100.0
A,430,Y,0.06134,-0.20902,n,0.4179,100.0
A,431,C,0.0045,-0.90311,n,0.002,100.0
A,432,N,0.01902,-0.7258,n,0.03172,100.0
A,433,G,0.13808,0.72807,n,0.62189,100.0
A,434,Q,0.11164,0.40521,n,0.38252,100.0
A,435,K,0.17529,1.18246,E,0.59598,100.0
A,436,K,0.04901,-0.35959,n,0.35245,100.0
A,437,V,0.06999,-0.10339,n,0.52302,100.0
A,438,I,0.0678,-0.13014,n,0.14719,100.0
A,439,L,0.10763,0.35624,n,0.57566,100.0
A,440,T,0.0802,0.02128,n,0.19517,100.0
A,441,K,0.11202,0.40985,n,0.62533,100.0
A,442,T,0.09985,0.26124,n,0.56962,100.0
A,443,L,0.04197,-0.44555,n,0.08021,100.0
A,444,V,0.06962,-0.10791,n,0.56429,100.0
A,445,I,0.0596,-0.23027,n,0.22079,100.0
A,446,G,0.05754,-0.25542,n,0.44821,100.0
A,447,Q,0.09826,0.24182,n,0.30405,100.0
A,448,C,0.02381,-0.66731,n,0.25313,100.0
A,449,I,0.05134,-0.33113,n,0.19519,100.0
A,450,Y,0.08425,0.07074,n,0.71491,100.0
A,451,T,0.11245,0.4151,n,0.56953,100.0
A,452,F,0.0698,-0.10571,n,0.28727,100.0
A,453,T,0.05235,-0.3188,n,0.28864,100.0
A,454,S,0.1171,0.47188,n,0.53173,100.0
A,455,L,0.09848,0.24451,n,0.71718,100.0
A,456,F,0.04469,-0.41234,n,0.18316,100.0
A,457,S,0.16794,1.0927,E,0.55461,100.0
A,458,L,0.2605,2.22298,E,1.02379,100.0
A,459,M,0.1541,0.9237,E,0.62716,100.0
A,460,P,0.23063,1.85823,E,0.7521,100.0
A,461,D,0.2674,2.30724,E,0.86034,100.0
A,462,V,0.13417,0.68033,n,0.42558,100.0
A,463,A,0.02501,-0.65266,n,0.02551,100.0
A,464,H,0.10474,0.32095,n,0.5842,100.0
A,465,S,0.14918,0.86362,n,0.52594,100.0
A,466,L,0.05437,-0.29413,n,0.32798,100.0
A,467,A,0.00408,-0.90824,n,0.0,100.0
A,468,V,0.06085,-0.215,n,0.35036,100.0
A,469,E,0.07024,-0.10034,n,0.37969,100.0
A,470,L,0.0555,-0.28033,n,0.20348,100.0
A,471,C,0.0362,-0.51601,n,0.10573,100.0
A,472,V,0.0727,-0.0703,n,0.48542,100.0
A,473,P,0.11564,0.45405,n,0.63245,100.0
A,474,G,0.19783,1.4577,E,0.43482,100.0
A,475,L,0.13016,0.63136,n,0.94104,100.0
A,476,H,0.11479,0.44367,n,0.71984,100.0
A,477,G,0.03082,-0.58171,n,0.07651,100.0
A,478,W,0.16729,1.08477,E,0.7913,100.0
A,479,A,0.07824,-0.00265,n,0.48398,100.0
A,480,T,0.03317,-0.55301,n,0.1469,100.0
A,481,V,0.06999,-0.10339,n,0.3901,100.0
A,482,M,0.11948,0.50094,n,0.69941,100.0
A,483,L,0.09749,0.23242,n,0.78942,100.0
A,484,L,0.05174,-0.32625,n,0.3175,100.0
A,485,S,0.05118,-0.33309,n,0.36003,100.0
A,486,T,0.06168,-0.20487,n,0.66386,100.0
A,487,F,0.15738,0.96375,E,0.82048,100.0
A,488,C,0.09821,0.24121,n,0.52532,100.0
A,489,F,0.13649,0.70866,n,0.64752,100.0
A,490,G,0.07584,-0.03196,n,0.44185,100.0
A,491,W,0.21713,1.69338,E,1.01063,100.0
A,492,I,0.15248,0.90392,E,0.82432,100.0
A,493,L,0.09428,0.19322,n,1.28173,100.0
